agency,site_no,parameter_cd,ts_id,month,day,begin_yr,end_yr,cont_nu,max_va_yr,max_va,min_va_yr,min_va,mean_va,p05_va,p10_va,p20_va,p25_va,p50_va,p75_va,p80_va,p90_va,p95_va
USGS,16275000,60,41087,1,1,1944,2019,71,1988,98,1946,0.43,4,0.81,1.1,1.3,1.4,1.8,2.4,2.7,5.2,9.6
USGS,16275000,60,41087,1,2,1944,2019,71,2004,34.1,1946,0.43,2.8,0.81,1.1,1.3,1.4,1.8,2.5,2.8,4,8
USGS,16275000,60,41087,1,3,1944,2019,71,1970,43,1946,0.43,3.5,0.88,1.1,1.3,1.4,1.8,2.4,2.6,3.6,18
USGS,16275000,60,41087,1,4,1944,2019,71,1969,15,1946,0.36,2.2,1,1.1,1.3,1.3,1.7,2.2,2.3,3.7,5.9
USGS,16275000,60,41087,1,5,1944,2019,71,1969,8.1,1946,0.32,2,1,1.1,1.3,1.3,1.7,2.2,2.4,3.3,4.5
USGS,16275000,60,41087,1,6,1944,2019,71,1969,5,1946,0.39,1.9,1.1,1.1,1.3,1.3,1.7,2.2,2.4,3.1,3.4
USGS,16275000,60,41087,1,7,1944,2019,71,1950,26,1946,0.39,2.6,1.1,1.1,1.3,1.4,1.8,2.3,2.3,3.1,7.9
USGS,16275000,60,41087,1,8,1944,2019,71,1949,9.8,1946,0.39,2.1,1.1,1.1,1.4,1.4,1.8,2.2,2.4,3.1,3.7
USGS,16275000,60,41087,1,9,1944,2019,71,1950,6.2,1946,0.39,2,1.1,1.1,1.3,1.4,1.8,2.2,2.4,3.1,3.9
USGS,16275000,60,41087,1,10,1944,2019,71,1988,6.1,1946,0.39,2,1,1.1,1.3,1.4,1.8,2.1,2.1,3,5.4
USGS,16275000,60,41087,1,11,1944,2019,71,1975,18,1946,0.39,2.4,1,1.1,1.3,1.4,1.7,2.1,2.3,3.2,10
USGS,16275000,60,41087,1,12,1944,2019,71,1975,28,1946,0.43,2.8,1,1.1,1.3,1.4,1.8,2.1,2.3,3.4,11
USGS,16275000,60,41087,1,13,1944,2019,71,2011,20.2,1946,0.39,2.3,0.99,1.1,1.2,1.3,1.7,2.2,2.5,2.9,7.1
USGS,16275000,60,41087,1,14,1944,2019,71,1975,7.3,1946,0.36,2.1,0.93,1.1,1.3,1.5,1.8,2.4,2.5,3.8,4.8
USGS,16275000,60,41087,1,15,1944,2019,71,1971,5.4,1946,0.36,1.9,1,1.1,1.3,1.4,1.8,2.2,2.4,3,3.5
USGS,16275000,60,41087,1,16,1944,2019,71,1949,150,1946,0.43,4.2,0.99,1.1,1.3,1.4,1.7,2.2,2.3,2.8,8.3
USGS,16275000,60,41087,1,17,1944,2019,71,1949,30,1946,0.54,2.4,0.99,1.1,1.3,1.4,1.7,2.1,2.2,3.3,5.1
USGS,16275000,60,41087,1,18,1944,2019,71,1959,19,1946,0.48,2.2,0.94,1.1,1.3,1.3,1.7,2.1,2.1,3.1,6.5
USGS,16275000,60,41087,1,19,1944,2019,71,1952,32,1946,0.39,2.8,0.86,1.1,1.3,1.4,1.6,2.1,2.4,4.7,11
USGS,16275000,60,41087,1,20,1944,2019,71,2000,13,1946,0.39,2.3,0.86,1.1,1.3,1.3,1.7,2.2,2.4,4.5,7
USGS,16275000,60,41087,1,21,1944,2019,71,1957,55,1946,0.39,2.8,0.86,1.1,1.3,1.4,1.7,2.1,2.3,3,3.9
USGS,16275000,60,41087,1,22,1944,2019,71,1972,39,1946,0.48,3,0.91,1.1,1.3,1.4,1.7,2.2,2.3,2.9,13
USGS,16275000,60,41087,1,23,1944,2019,71,1972,25,1946,0.43,2.6,0.91,1.1,1.3,1.4,1.7,2.1,2.3,2.7,8.5
USGS,16275000,60,41087,1,24,1944,2019,71,1948,16,1946,0.6,2.4,0.91,1.1,1.3,1.4,1.7,2.2,2.4,3.7,8.2
USGS,16275000,60,41087,1,25,1944,2019,71,1996,48,1960,0.62,3.6,0.94,1.1,1.4,1.4,1.9,2.4,2.4,4.9,20
USGS,16275000,60,41087,1,26,1944,2019,71,2002,11,1960,0.62,2.2,0.91,1.1,1.4,1.4,1.9,2.2,2.4,3.6,5.2
USGS,16275000,60,41087,1,27,1944,2019,71,1948,46,1960,0.62,3.1,0.93,1.1,1.4,1.4,1.8,2.2,2.4,6.8,8.7
USGS,16275000,60,41087,1,28,1944,2019,71,1988,20,1960,0.71,2.4,0.97,1.1,1.3,1.4,1.8,2.1,2.2,3.8,5.8
USGS,16275000,60,41087,1,29,1944,2019,71,2002,31.8,1960,0.71,2.6,0.97,1.1,1.4,1.4,1.8,2.2,2.3,3.4,7.1
USGS,16275000,60,41087,1,30,1944,2019,71,1956,12,1960,0.71,2.2,0.97,1.1,1.3,1.4,1.8,2.2,2.4,3.4,4.9
USGS,16275000,60,41087,1,31,1944,2019,71,1975,7.5,1960,0.67,2.2,1,1.2,1.3,1.4,1.8,2.4,2.5,4.1,5.7
USGS,16275000,60,41087,2,1,1944,2019,71,1969,120,1960,0.67,4.2,1,1.2,1.3,1.4,1.7,2.3,2.5,4.2,9.2
USGS,16275000,60,41087,2,2,1944,2019,71,1989,23,1960,0.67,2.3,0.92,1.2,1.3,1.4,1.8,2.3,2.5,3.6,4.3
USGS,16275000,60,41087,2,3,1944,2019,71,1948,9.3,1954,0.43,2.1,0.89,1.2,1.4,1.5,1.7,2.3,2.5,3,4.9
USGS,16275000,60,41087,2,4,1944,2019,71,1965,76,1954,0.43,3.3,0.92,1.2,1.4,1.4,1.7,2.3,2.4,3.8,6.4
USGS,16275000,60,41087,2,5,1944,2019,71,1965,9.9,1954,0.43,2.1,0.78,1.2,1.3,1.4,1.7,2.3,2.4,3.8,4.5
USGS,16275000,60,41087,2,6,1944,2019,71,1976,12,1954,0.39,2.2,0.81,1.2,1.3,1.4,1.7,2.3,2.6,3.4,5.6
USGS,16275000,60,41087,2,7,1944,2019,71,1955,57,1954,0.36,3.4,0.81,1.1,1.4,1.4,1.7,2.6,2.9,4.5,11
USGS,16275000,60,41087,2,8,1944,2019,71,1949,28,1954,0.36,2.7,0.8,1.2,1.4,1.4,1.7,2.6,3,4.6,8.3
USGS,16275000,60,41087,2,9,1944,2019,71,1965,13,1954,0.36,2.1,0.83,1.1,1.4,1.4,1.7,2.3,2.5,3.5,4.7
USGS,16275000,60,41087,2,10,1944,2019,71,1967,15,1954,0.36,2,0.78,1.1,1.3,1.4,1.7,2.2,2.5,2.9,3.6
USGS,16275000,60,41087,2,11,1944,2019,71,2005,25.7,1954,0.48,2.5,0.76,1.1,1.4,1.4,1.7,2.2,2.4,2.9,8.1
USGS,16275000,60,41087,2,12,1944,2019,71,2001,13,1954,0.48,2.6,0.76,1.1,1.4,1.5,1.7,2.3,2.5,4.8,9.9
USGS,16275000,60,41087,2,13,1944,2019,71,1994,6.9,1960,0.53,2.2,0.76,1.1,1.4,1.5,1.7,2.4,3,4,5.7
USGS,16275000,60,41087,2,14,1944,2019,71,1994,33,1954,0.48,3.7,0.69,1.1,1.3,1.4,1.9,2.3,2.6,7,28
USGS,16275000,60,41087,2,15,1944,2019,71,1994,34,1960,0.67,2.7,0.73,1.1,1.4,1.4,1.8,2.4,2.5,3.2,7.9
USGS,16275000,60,41087,2,16,1944,2019,71,1994,20,1963,0.67,2.2,0.9,1.1,1.4,1.5,1.8,2.2,2.5,3,3.7
USGS,16275000,60,41087,2,17,1944,2019,71,2018,10.2,1960,0.76,2.1,0.92,1.1,1.4,1.4,1.7,2.2,2.3,3,5.4
USGS,16275000,60,41087,2,18,1944,2019,71,2018,50.8,1954,0.6,2.7,0.88,1.1,1.4,1.5,1.8,2.2,2.3,3.3,3.8
USGS,16275000,60,41087,2,19,1944,2019,71,2011,24.7,1954,0.48,2.8,0.82,1.1,1.4,1.5,1.8,2.3,2.7,3.9,11
USGS,16275000,60,41087,2,20,1944,2019,71,2006,17.4,1954,0.43,2.2,0.8,1.1,1.4,1.5,1.8,2.2,2.5,3.4,4.1
USGS,16275000,60,41087,2,21,1944,2019,71,2006,20.7,1954,0.54,2.3,0.79,1.1,1.4,1.5,1.8,2.2,2.3,2.7,3
USGS,16275000,60,41087,2,22,1944,2019,71,1955,29,1963,0.57,2.3,0.83,1.1,1.4,1.5,1.8,2.2,2.4,2.6,3.5
USGS,16275000,60,41087,2,23,1944,2019,71,1955,84,1963,0.57,3.1,0.86,1.1,1.4,1.5,1.7,2.2,2.3,2.9,5.1
USGS,16275000,60,41087,2,24,1944,2019,71,1955,29,1963,0.57,2.3,0.84,1.1,1.4,1.5,1.7,2.2,2.3,3.2,4.9
USGS,16275000,60,41087,2,25,1944,2019,71,1956,20,1963,0.57,2.7,0.84,1.1,1.4,1.4,1.7,2.3,2.6,4.8,9.6
USGS,16275000,60,41087,2,26,1944,2019,71,2019,8.41,1963,0.53,2.1,0.85,1.1,1.4,1.4,1.7,2.3,2.5,2.9,6.5
USGS,16275000,60,41087,2,27,1944,2019,71,2004,50.4,1963,0.53,2.8,0.76,1.1,1.4,1.4,1.7,2.3,2.4,3.4,6.6
USGS,16275000,60,41087,2,28,1944,2019,71,1958,26,1960,0.57,2.6,0.87,1.1,1.4,1.4,1.7,2.3,2.5,5.1,9.4
USGS,16275000,60,41087,2,29,1944,2016,18,1948,16,1960,0.57,2.7,,1,1.4,1.4,1.7,2.5,3,4.9,
USGS,16275000,60,41087,3,1,1944,2019,71,1990,24,1946,0.54,2.7,0.89,1.1,1.4,1.4,1.7,2.4,2.5,3.2,11
USGS,16275000,60,41087,3,2,1944,2019,71,2012,70,1946,0.54,3.4,0.85,1,1.4,1.4,1.8,2.3,2.4,3.6,10
USGS,16275000,60,41087,3,3,1944,2019,71,2006,54.3,1946,0.54,3.6,0.94,1.1,1.4,1.4,1.8,2.2,2.3,4.2,16
USGS,16275000,60,41087,3,4,1944,2019,71,2012,38.5,1946,0.54,2.9,0.97,1.1,1.4,1.4,1.7,2.3,2.7,5.6,8.4
USGS,16275000,60,41087,3,5,1944,2019,71,1958,373,1946,0.54,8.4,0.87,1.1,1.4,1.5,1.8,2.7,2.8,4.4,15
USGS,16275000,60,41087,3,6,1944,2019,71,1958,79,1946,0.54,3.8,1,1.2,1.4,1.5,1.9,2.3,2.6,3.8,14
USGS,16275000,60,41087,3,7,1944,2019,71,2012,13.4,1946,0.54,2.4,1,1.2,1.4,1.5,1.8,2.2,2.6,4.9,7.2
USGS,16275000,60,41087,3,8,1944,2019,71,2012,17.4,1946,0.48,2.4,1,1.2,1.3,1.5,1.8,2.3,2.8,4.1,5.4
USGS,16275000,60,41087,3,9,1944,2019,71,2009,43.1,1946,0.43,3.5,0.94,1.1,1.4,1.5,1.8,2.3,2.7,8.5,16
USGS,16275000,60,41087,3,10,1944,2019,71,2006,11.8,1946,0.48,2.3,0.98,1.2,1.4,1.5,1.8,2.3,2.6,4,7.1
USGS,16275000,60,41087,3,11,1944,2019,71,1951,38,1946,0.54,2.5,0.94,1.1,1.4,1.5,1.8,2.3,2.5,3,5.4
USGS,16275000,60,41087,3,12,1944,2019,71,1962,22,1946,0.67,2.4,0.94,1.2,1.4,1.5,1.8,2.2,2.3,3.3,5.6
USGS,16275000,60,41087,3,13,1944,2019,71,1968,56,1946,0.67,3.6,0.94,1.2,1.4,1.5,1.7,2.3,2.5,3.7,16
USGS,16275000,60,41087,3,14,1944,2019,71,1968,119,1946,0.6,4.2,0.92,1.2,1.4,1.5,1.7,2.5,2.7,4.7,9.6
USGS,16275000,60,41087,3,15,1944,2019,71,1990,27,1946,0.67,2.7,0.94,1.2,1.4,1.5,1.7,2.4,2.6,4.3,8.4
USGS,16275000,60,41087,3,16,1944,2019,71,1968,39,1946,0.67,3.1,1,1.3,1.4,1.4,1.7,2.5,2.7,4.6,11
USGS,16275000,60,41087,3,17,1944,2019,71,1947,39,1946,0.67,3.1,1.1,1.3,1.4,1.4,1.8,2.4,2.6,3.6,14
USGS,16275000,60,41087,3,18,1944,2019,71,2018,9.71,1946,0.6,2.2,1,1.2,1.4,1.4,1.8,2.3,2.5,3.9,5.5
USGS,16275000,60,41087,3,19,1944,2019,71,1991,113,1946,0.6,3.9,0.94,1.2,1.4,1.5,1.7,2.3,2.4,3.6,6.7
USGS,16275000,60,41087,3,20,1944,2019,71,1991,55,1946,0.54,2.9,0.98,1.1,1.4,1.4,1.7,2.2,2.4,3.4,7
USGS,16275000,60,41087,3,21,1944,2019,71,1991,23,1946,0.54,2.6,0.94,1.2,1.4,1.4,1.7,2.3,2.4,3.3,8.1
USGS,16275000,60,41087,3,22,1944,2019,71,1964,24,1946,0.54,2.7,0.91,1.1,1.4,1.4,1.7,2.3,2.4,4.3,10
USGS,16275000,60,41087,3,23,1944,2019,71,1991,19,1946,0.48,3.2,0.88,1.1,1.4,1.4,1.7,2.3,3.2,7.6,15
USGS,16275000,60,41087,3,24,1944,2019,71,1994,89,1946,0.54,4.2,0.88,1.1,1.4,1.4,1.7,2.6,2.9,6,11
USGS,16275000,60,41087,3,25,1944,2019,71,1986,39,1946,0.54,3.1,0.88,1.1,1.4,1.4,1.7,2.6,3,5.1,11
USGS,16275000,60,41087,3,26,1944,2019,71,1951,231,1946,0.67,5.9,0.92,1.2,1.4,1.4,1.7,3.1,3.3,5.7,10
USGS,16275000,60,41087,3,27,1944,2019,71,1951,88,1946,0.71,3.6,0.88,1.1,1.4,1.4,1.8,2.6,3.2,4.2,7.2
USGS,16275000,60,41087,3,28,1944,2019,71,2014,9.77,1961,0.67,2.2,0.86,1.1,1.4,1.4,1.8,2.5,2.9,3.3,5.3
USGS,16275000,60,41087,3,29,1944,2019,71,1947,35,1961,0.76,2.7,0.87,1.1,1.4,1.4,1.7,2.5,2.8,4.8,7
USGS,16275000,60,41087,3,30,1944,2019,71,1947,63,1945,0.71,3.1,0.8,1.1,1.4,1.5,1.9,2.4,2.6,3.6,4.4
USGS,16275000,60,41087,3,31,1944,2019,71,2006,21.2,1945,0.59,2.3,0.71,1.1,1.4,1.5,1.9,2.4,2.6,3.3,4.5
USGS,16275000,60,41087,4,1,1944,2019,71,2006,9.06,1945,0.54,2.1,0.78,1.1,1.4,1.5,1.8,2.3,2.6,3.1,3.8
USGS,16275000,60,41087,4,2,1944,2019,71,2006,67.9,1945,0.59,3.3,0.85,1.1,1.4,1.4,1.8,2.4,2.5,3,7.7
USGS,16275000,60,41087,4,3,1944,2019,71,1948,54,1945,0.65,3.3,0.84,1.3,1.4,1.5,1.8,2.3,2.4,3.1,14
USGS,16275000,60,41087,4,4,1944,2019,71,1963,16,1946,0.67,2.6,0.83,1.1,1.4,1.5,1.8,2.3,2.7,4.6,9.5
USGS,16275000,60,41087,4,5,1944,2019,71,1989,9.73,1946,0.67,2.2,0.85,1.1,1.4,1.4,1.8,2.2,2.5,3.3,6.7
USGS,16275000,60,41087,4,6,1944,2019,71,2010,27.9,1946,0.6,2.8,0.82,1.1,1.4,1.5,1.8,2.3,2.7,5,10
USGS,16275000,60,41087,4,7,1944,2019,71,1989,25.2,1946,0.6,2.5,0.8,1.1,1.4,1.5,1.8,2.4,2.5,3.4,5.4
USGS,16275000,60,41087,4,8,1944,2019,71,1989,143,1946,0.48,3.9,0.84,1.1,1.4,1.5,1.8,2.2,2.3,2.8,4.3
USGS,16275000,60,41087,4,9,1944,2019,71,1989,57.4,1946,0.39,3.2,0.94,1.3,1.4,1.5,1.8,2.3,2.7,3.8,7.3
USGS,16275000,60,41087,4,10,1944,2019,71,1951,32,1946,0.32,2.6,0.88,1.3,1.4,1.5,1.8,2.3,2.7,3.8,6.1
USGS,16275000,60,41087,4,11,1944,2019,71,1947,6.5,1946,0.4,2,0.9,1.3,1.4,1.5,1.8,2.2,2.7,3.1,4
USGS,16275000,60,41087,4,12,1944,2019,71,1989,14.6,1954,0.43,2,0.74,1.1,1.4,1.4,1.7,2.1,2.3,3.3,3.5
USGS,16275000,60,41087,4,13,1944,2019,71,1963,34,1946,0.39,2.4,0.81,1.2,1.4,1.4,1.7,2,2.4,2.8,4.2
USGS,16275000,60,41087,4,14,1944,2019,71,1963,44,1946,0.32,2.5,0.84,1.2,1.4,1.4,1.7,2,2.4,3.1,5.5
USGS,16275000,60,41087,4,15,1944,2019,71,1963,110,1946,0.32,3.6,0.83,1.3,1.4,1.5,1.7,2.1,2.5,3.8,6.6
USGS,16275000,60,41087,4,16,1944,2019,71,1945,33,1946,0.36,2.6,0.83,1.2,1.4,1.4,1.7,2.2,2.6,3.9,5.9
USGS,16275000,60,41087,4,17,1944,2019,71,1957,22,1946,0.32,2.5,0.81,1.1,1.4,1.4,1.7,2.3,2.5,3.7,7.3
USGS,16275000,60,41087,4,18,1944,2019,71,1972,6.1,1946,0.32,2,0.84,1.1,1.4,1.4,1.7,2.2,2.5,3.2,4.6
USGS,16275000,60,41087,4,19,1944,2019,71,1968,30,1946,0.32,2.6,0.75,1.1,1.4,1.5,1.7,2,2.4,2.9,6.5
USGS,16275000,60,41087,4,20,1944,2019,71,1968,21,1954,0.36,2.6,0.83,1.3,1.4,1.5,1.8,2.2,2.5,4.3,9.3
USGS,16275000,60,41087,4,21,1944,2019,71,1956,22,1954,0.39,2.3,0.72,1.1,1.4,1.5,1.8,2,2.2,2.9,4.7
USGS,16275000,60,41087,4,22,1944,2019,71,1950,6.5,1946,0.39,1.9,0.72,1.1,1.4,1.4,1.7,1.9,2.1,2.9,4
USGS,16275000,60,41087,4,23,1944,2019,71,1971,17,1946,0.32,2.1,0.67,1.1,1.4,1.5,1.6,1.9,2.2,3,4.7
USGS,16275000,60,41087,4,24,1944,2019,71,1971,60,1946,0.39,2.7,0.63,1.1,1.4,1.4,1.6,2,2.4,3,5.2
USGS,16275000,60,41087,4,25,1944,2019,71,1971,10,1946,0.43,2,1,1.2,1.4,1.4,1.7,2,2.3,2.7,3.4
USGS,16275000,60,41087,4,26,1944,2019,71,2018,42.7,1946,0.4,2.5,1.1,1.3,1.4,1.5,1.8,2.1,2.4,3,4.1
USGS,16275000,60,41087,4,27,1944,2019,71,1989,11.6,1946,0.32,2.1,1,1.2,1.4,1.5,1.7,2.1,2.4,3,4.7
USGS,16275000,60,41087,4,28,1944,2019,71,1994,8.4,1946,0.32,2,0.93,1.2,1.4,1.5,1.7,2.1,2.3,3.1,3.7
USGS,16275000,60,41087,4,29,1944,2019,71,1954,9.4,1946,0.32,2.1,1.1,1.3,1.4,1.5,1.7,2.1,2.3,3.3,5.8
USGS,16275000,60,41087,4,30,1944,2019,71,1989,4.56,1946,0.39,1.8,1.1,1.2,1.4,1.5,1.7,2.1,2.2,2.6,2.8
USGS,16275000,60,41087,5,1,1944,2019,71,2011,7.72,1946,0.36,1.9,1.1,1.1,1.4,1.4,1.7,2,2.2,2.4,4.5
USGS,16275000,60,41087,5,2,1944,2019,71,1965,620,1946,0.36,11,0.97,1.1,1.4,1.4,1.7,2.1,2.1,3,6.1
USGS,16275000,60,41087,5,3,1944,2019,71,1965,46,1946,0.39,2.5,0.95,1.3,1.4,1.4,1.7,2.1,2.2,3,4.2
USGS,16275000,60,41087,5,4,1944,2019,71,1965,44,1946,0.39,2.4,0.89,1.1,1.4,1.4,1.6,2.2,2.2,2.7,3.1
USGS,16275000,60,41087,5,5,1944,2019,71,1965,10,1946,0.39,1.9,0.89,1.1,1.4,1.4,1.7,2,2.2,2.7,4.3
USGS,16275000,60,41087,5,6,1944,2019,71,2002,52.2,1946,0.39,3.1,0.89,1.1,1.4,1.4,1.7,2.1,2.1,2.9,5.1
USGS,16275000,60,41087,5,7,1944,2019,71,2002,18.3,1946,0.39,2.4,0.89,1.1,1.4,1.4,1.6,2,2.1,4.2,6.5
USGS,16275000,60,41087,5,8,1944,2019,71,1965,26,1946,0.39,2.6,0.85,1.1,1.4,1.4,1.6,2,2.3,3.2,6.7
USGS,16275000,60,41087,5,9,1944,2019,71,1965,7.2,1961,0.48,1.8,0.85,1.2,1.4,1.4,1.6,2,2.3,2.7,3.2
USGS,16275000,60,41087,5,10,1944,2019,71,2011,9.88,1946,0.43,1.9,0.85,1.2,1.4,1.4,1.6,2,2.2,2.8,3.9
USGS,16275000,60,41087,5,11,1944,2019,71,1965,4,1946,0.36,1.8,0.83,1.2,1.4,1.4,1.6,2,2.1,2.6,3.5
USGS,16275000,60,41087,5,12,1944,2019,71,1960,35,1946,0.39,2.6,0.83,1.2,1.4,1.4,1.6,2.1,2.5,3.4,6.1
USGS,16275000,60,41087,5,13,1944,2019,71,1960,34,1946,0.48,2.3,0.81,1.2,1.4,1.4,1.6,2,2.1,3.1,5.3
USGS,16275000,60,41087,5,14,1944,2019,71,1963,80,1961,0.48,3.4,0.81,1.2,1.3,1.4,1.6,2,2.1,3.6,10
USGS,16275000,60,41087,5,15,1944,2019,71,1974,12,1946,0.32,2.3,0.79,1.2,1.3,1.4,1.6,2,2.1,5.8,8.3
USGS,16275000,60,41087,5,16,1944,2019,71,1950,32,1946,0.31,2.3,0.79,1.1,1.3,1.4,1.6,2,2.1,3.4,4.8
USGS,16275000,60,41087,5,17,1944,2019,71,1963,5,1946,0.48,1.8,0.79,1.1,1.3,1.3,1.6,2,2.1,2.7,3.7
USGS,16275000,60,41087,5,18,1944,2019,71,1967,8.9,1961,0.53,1.9,0.95,1.1,1.3,1.3,1.6,1.9,2.2,2.6,3.6
USGS,16275000,60,41087,5,19,1944,2019,71,1948,3.2,1961,0.48,1.7,0.95,1.1,1.2,1.3,1.6,1.9,2.1,2.4,3.1
USGS,16275000,60,41087,5,20,1944,2019,71,2019,4.07,1961,0.57,1.7,0.87,1.1,1.2,1.3,1.5,2,2,2.3,2.9
USGS,16275000,60,41087,5,21,1944,2019,71,2005,4.39,1961,0.48,1.7,0.87,1.1,1.3,1.3,1.6,2,2.1,2.4,2.9
USGS,16275000,60,41087,5,22,1944,2019,71,2005,3.59,1961,0.48,1.7,0.84,1.1,1.3,1.3,1.6,1.9,2,2.3,3
USGS,16275000,60,41087,5,23,1944,2019,71,2006,4.33,1961,0.48,1.7,0.82,1.1,1.2,1.3,1.6,1.9,1.9,2.2,2.8
USGS,16275000,60,41087,5,24,1944,2019,71,2006,4.4,1946,0.46,1.6,0.85,1.1,1.3,1.3,1.6,1.8,1.9,2.2,2.5
USGS,16275000,60,41087,5,25,1944,2019,71,1964,7.5,1946,0.31,1.6,0.84,1.1,1.2,1.3,1.6,1.8,1.9,2.1,2.5
USGS,16275000,60,41087,5,26,1944,2019,71,1964,11,1961,0.62,1.7,0.83,1.1,1.2,1.3,1.6,1.8,1.8,2.1,2.5
USGS,16275000,60,41087,5,27,1944,2019,71,1956,11,1961,0.53,1.7,0.88,1,1.2,1.3,1.6,1.8,1.9,2.1,2.9
USGS,16275000,60,41087,5,28,1944,2019,71,2013,45,1961,0.53,2.2,0.77,1,1.2,1.3,1.6,1.8,1.9,2.2,2.9
USGS,16275000,60,41087,5,29,1944,2018,70,2013,18.9,1961,0.53,1.8,0.77,1,1.2,1.3,1.5,1.9,1.9,2.1,2.9
USGS,16275000,60,41087,5,30,1944,2018,70,1967,6.4,1961,0.48,1.7,0.93,1.1,1.2,1.3,1.6,1.9,1.9,2.1,3.2
USGS,16275000,60,41087,5,31,1944,2018,70,1974,5.8,1961,0.53,1.7,0.84,1,1.2,1.3,1.5,1.9,1.9,2.8,3.3
USGS,16275000,60,41087,6,1,1944,2018,70,1989,6.3,1946,0.31,1.7,0.83,1.1,1.2,1.3,1.6,1.9,2,2.4,3
USGS,16275000,60,41087,6,2,1944,2018,70,1989,3.3,1946,0.31,1.6,0.83,1.1,1.2,1.2,1.5,1.8,1.9,2.2,2.7
USGS,16275000,60,41087,6,3,1944,2018,70,2011,21.6,1946,0.32,1.8,0.83,1.1,1.2,1.2,1.5,1.8,1.9,2.4,2.9
USGS,16275000,60,41087,6,4,1944,2018,70,2011,40.5,1946,0.43,2.1,0.82,1.1,1.2,1.3,1.6,1.8,1.9,2.2,2.8
USGS,16275000,60,41087,6,5,1944,2018,70,2011,9.24,1946,0.36,1.7,0.78,1.1,1.2,1.3,1.5,1.8,2,2.2,2.9
USGS,16275000,60,41087,6,6,1944,2018,70,2011,4.34,1946,0.32,1.6,0.74,1,1.2,1.3,1.6,1.9,2,2.2,2.9
USGS,16275000,60,41087,6,7,1944,2018,70,2011,3.53,1946,0.32,1.6,0.71,0.88,1.2,1.3,1.5,1.8,1.9,2.1,2.9
USGS,16275000,60,41087,6,8,1944,2018,70,1977,18,1946,0.32,1.7,0.6,0.77,1.2,1.2,1.5,1.8,1.9,2.4,2.8
USGS,16275000,60,41087,6,9,1944,2018,70,2018,8.94,1946,0.39,1.7,0.62,0.85,1.2,1.2,1.5,1.7,1.9,2.3,3
USGS,16275000,60,41087,6,10,1944,2018,70,2004,2.91,1946,0.43,1.5,0.61,0.78,1.1,1.2,1.5,1.7,1.8,2.1,2.5
USGS,16275000,60,41087,6,11,1944,2018,70,2004,2.84,1946,0.39,1.5,0.65,0.77,1.1,1.2,1.5,1.7,1.8,2,2.2
USGS,16275000,60,41087,6,12,1944,2018,70,2008,5.93,1946,0.39,1.6,0.57,0.76,1.1,1.3,1.5,1.7,1.9,2.3,3.1
USGS,16275000,60,41087,6,13,1944,2018,70,1987,3.1,1946,0.32,1.5,0.71,0.82,1.1,1.2,1.5,1.8,1.9,2.4,2.7
USGS,16275000,60,41087,6,14,1944,2018,70,2004,2.63,1946,0.32,1.5,0.62,0.71,1.1,1.2,1.5,1.7,1.9,2.1,2.4
USGS,16275000,60,41087,6,15,1944,2018,70,2004,2.6,1946,0.36,1.5,0.58,0.82,1.1,1.2,1.5,1.7,1.8,2.1,2.3
USGS,16275000,60,41087,6,16,1944,2018,70,1971,3.1,1946,0.32,1.5,0.51,0.77,1.1,1.2,1.5,1.7,1.8,2.1,2.3
USGS,16275000,60,41087,6,17,1944,2018,70,2004,2.76,1946,0.31,1.5,0.48,0.67,1.1,1.2,1.5,1.7,1.8,2.1,2.2
USGS,16275000,60,41087,6,18,1944,2018,70,2004,2.71,1946,0.32,1.4,0.51,0.68,1.1,1.2,1.5,1.7,1.7,2,2.1
USGS,16275000,60,41087,6,19,1944,2018,70,2004,2.61,1946,0.32,1.4,0.51,0.67,1.1,1.2,1.4,1.7,1.7,2,2.1
USGS,16275000,60,41087,6,20,1944,2018,70,2004,2.59,1946,0.32,1.4,0.52,0.71,1,1.2,1.4,1.7,1.8,2,2.1
USGS,16275000,60,41087,6,21,1944,2018,70,1987,2.6,1945,0.42,1.4,0.49,0.67,1.1,1.2,1.4,1.7,1.7,2,2.3
USGS,16275000,60,41087,6,22,1944,2018,70,1995,4.6,1945,0.39,1.5,0.51,0.62,1.1,1.2,1.4,1.7,1.9,2.1,2.4
USGS,16275000,60,41087,6,23,1944,2018,70,1996,4.8,1945,0.42,1.5,0.48,0.67,1.2,1.2,1.4,1.8,1.8,2.2,2.5
USGS,16275000,60,41087,6,24,1944,2018,70,2004,2.44,1961,0.37,1.4,0.48,0.71,1.2,1.2,1.5,1.7,1.8,2.1,2.3
USGS,16275000,60,41087,6,25,1944,2018,70,1994,4.5,1961,0.37,1.5,0.48,0.71,1.1,1.2,1.4,1.7,1.8,2.1,3.2
USGS,16275000,60,41087,6,26,1944,2018,70,2006,3.13,1945,0.39,1.5,0.55,0.67,1.1,1.2,1.4,1.7,1.8,2.2,2.5
USGS,16275000,60,41087,6,27,1944,2018,70,2016,2.56,1945,0.39,1.4,0.58,0.76,1.1,1.2,1.4,1.7,1.8,2,2.3
USGS,16275000,60,41087,6,28,1944,2018,70,2015,3.64,1945,0.36,1.5,0.57,0.77,1.1,1.2,1.4,1.7,1.8,2.2,2.4
USGS,16275000,60,41087,6,29,1944,2018,70,1974,2.9,1945,0.36,1.5,0.65,0.83,1.1,1.2,1.4,1.7,1.8,2.1,2.4
USGS,16275000,60,41087,6,30,1944,2018,70,1967,3.3,1945,0.36,1.5,0.6,0.81,1.1,1.2,1.4,1.7,1.8,2.1,2.4
USGS,16275000,60,41087,7,1,1944,2018,70,1991,3.8,1945,0.36,1.5,0.57,0.72,1.2,1.3,1.4,1.7,1.8,2.1,2.5
USGS,16275000,60,41087,7,2,1944,2018,70,2004,2.49,1945,0.36,1.5,0.62,0.88,1.2,1.3,1.4,1.7,1.7,2,2.3
USGS,16275000,60,41087,7,3,1944,2018,70,1958,44,1945,0.36,2,0.62,0.88,1.2,1.2,1.4,1.7,1.8,2,2.3
USGS,16275000,60,41087,7,4,1944,2018,70,1958,4,1945,0.36,1.5,0.6,0.94,1.1,1.2,1.4,1.7,1.7,2,2.3
USGS,16275000,60,41087,7,5,1944,2018,70,2016,4.17,1946,0.36,1.4,0.67,0.89,1.1,1.2,1.4,1.7,1.7,2,2.3
USGS,16275000,60,41087,7,6,1944,2018,70,2016,3.42,1946,0.36,1.5,0.61,0.87,1.1,1.2,1.4,1.7,1.7,2,2.4
USGS,16275000,60,41087,7,7,1944,2018,70,1967,2.9,1945,0.36,1.5,0.57,0.82,1.2,1.2,1.4,1.7,1.8,2,2.4
USGS,16275000,60,41087,7,8,1944,2018,70,1967,3.1,1945,0.32,1.5,0.55,0.83,1.2,1.2,1.4,1.7,1.8,2,2.5
USGS,16275000,60,41087,7,9,1944,2018,70,1990,21,1945,0.32,1.9,0.55,0.85,1.2,1.2,1.4,1.7,1.9,2.4,4.9
USGS,16275000,60,41087,7,10,1944,2018,70,1973,3.9,1945,0.32,1.5,0.51,0.87,1.2,1.2,1.5,1.7,1.9,2.2,2.6
USGS,16275000,60,41087,7,11,1944,2018,70,1965,3.7,1945,0.34,1.5,0.48,0.77,1.2,1.3,1.5,1.7,1.8,2.1,2.4
USGS,16275000,60,41087,7,12,1944,2018,70,1948,4.5,1945,0.31,1.5,0.54,0.84,1.2,1.2,1.4,1.7,1.8,2.2,2.5
USGS,16275000,60,41087,7,13,1944,2018,70,2015,2.74,1945,0.29,1.5,0.61,0.78,1.2,1.2,1.4,1.7,1.8,2.2,2.5
USGS,16275000,60,41087,7,14,1944,2018,70,2014,3.34,1945,0.31,1.5,0.54,0.87,1.2,1.2,1.4,1.7,1.7,2,2.4
USGS,16275000,60,41087,7,15,1944,2018,70,2016,2.95,1945,0.31,1.5,0.48,0.84,1.2,1.2,1.4,1.7,1.8,2.1,2.6
USGS,16275000,60,41087,7,16,1944,2018,70,2016,3.31,1945,0.36,1.5,0.65,0.89,1.1,1.2,1.4,1.8,1.9,2.1,2.3
USGS,16275000,60,41087,7,17,1944,2018,70,2016,2.76,1945,0.32,1.5,0.62,1.1,1.2,1.2,1.4,1.7,1.8,2.1,2.2
USGS,16275000,60,41087,7,18,1944,2018,70,1958,3.2,1945,0.32,1.5,0.62,1,1.1,1.2,1.4,1.8,1.8,2,2.2
USGS,16275000,60,41087,7,19,1944,2018,70,2014,5.42,1945,0.32,1.5,0.57,0.84,1.2,1.2,1.4,1.7,1.8,2.1,2.7
USGS,16275000,60,41087,7,20,1944,2018,70,2014,42.4,1945,0.32,2.2,0.53,0.75,1.1,1.2,1.4,1.7,1.9,2.2,2.7
USGS,16275000,60,41087,7,21,1944,2018,70,1989,23,1945,0.32,1.9,0.51,1.1,1.1,1.2,1.5,1.9,2,2.2,4.1
USGS,16275000,60,41087,7,22,1944,2018,70,1987,31,1959,0.45,2.2,0.5,0.95,1.1,1.2,1.5,1.8,2,2.5,5.9
USGS,16275000,60,41087,7,23,1944,2018,70,2009,10.7,1945,0.39,1.8,0.49,1.1,1.1,1.2,1.4,1.7,1.9,2.6,5.7
USGS,16275000,60,41087,7,24,1944,2018,70,2016,68.6,1945,0.39,2.6,0.51,0.83,1.2,1.2,1.4,1.9,2,2.5,4.7
USGS,16275000,60,41087,7,25,1944,2018,70,1964,26,1959,0.37,2.2,0.57,0.91,1.1,1.3,1.5,1.8,2,2.6,4.2
USGS,16275000,60,41087,7,26,1944,2018,70,2016,7.15,1959,0.42,1.7,0.57,0.73,1.1,1.2,1.5,1.8,2,2.3,3.6
USGS,16275000,60,41087,7,27,1944,2018,70,2016,6.36,1959,0.37,1.6,0.54,0.7,1.1,1.2,1.5,1.7,1.8,2.2,2.5
USGS,16275000,60,41087,7,28,1944,2018,70,1954,33,1959,0.37,2.2,0.53,1.1,1.2,1.3,1.6,1.8,2,2.3,4.4
USGS,16275000,60,41087,7,29,1944,2018,70,1954,15,1945,0.39,1.7,0.55,0.96,1.2,1.2,1.5,1.7,1.9,2.2,2.8
USGS,16275000,60,41087,7,30,1944,2018,70,1954,6.1,1945,0.43,1.6,0.58,0.99,1.2,1.2,1.5,1.8,1.9,2.3,2.8
USGS,16275000,60,41087,7,31,1944,2018,70,2016,26.9,1945,0.43,1.8,0.55,0.99,1.2,1.2,1.5,1.7,1.8,2.2,2.4
USGS,16275000,60,41087,8,1,1944,2018,70,2016,10.3,1945,0.43,1.6,0.62,1,1.2,1.2,1.5,1.8,1.8,2.3,3
USGS,16275000,60,41087,8,2,1944,2018,70,1958,23,1945,0.43,1.9,0.57,1,1.2,1.2,1.5,1.8,1.9,2.3,3.3
USGS,16275000,60,41087,8,3,1944,2018,70,1950,18,1945,0.39,1.9,0.6,1,1.2,1.2,1.5,1.8,2,3.6,5
USGS,16275000,60,41087,8,4,1944,2018,70,2004,39.5,1945,0.36,2.1,0.55,1,1.2,1.2,1.4,1.7,1.9,2.4,3.6
USGS,16275000,60,41087,8,5,1944,2018,70,1958,4.9,1962,0.53,1.6,0.62,0.99,1.1,1.2,1.5,1.7,1.8,2.2,3.3
USGS,16275000,60,41087,8,6,1944,2018,70,1959,7.4,1946,0.53,1.6,0.61,0.84,1.1,1.2,1.4,1.7,1.8,2.2,2.9
USGS,16275000,60,41087,8,7,1944,2018,70,2016,9.88,1946,0.48,1.6,0.54,0.83,1.1,1.2,1.4,1.8,1.8,2.1,2.8
USGS,16275000,60,41087,8,8,1944,2018,70,1958,32,1945,0.43,2.4,0.53,0.83,1.1,1.2,1.4,1.7,1.8,2.9,9.5
USGS,16275000,60,41087,8,9,1944,2018,70,1967,46,1945,0.43,2.7,0.52,0.83,1.1,1.2,1.4,1.8,1.9,2.8,12
USGS,16275000,60,41087,8,10,1944,2018,70,2013,15.3,1945,0.39,1.9,0.58,0.88,1.1,1.1,1.4,1.8,1.8,2.6,4.9
USGS,16275000,60,41087,8,11,1944,2018,70,2013,5.4,1945,0.36,1.6,0.54,0.78,1.1,1.1,1.5,1.8,1.8,2.6,3.1
USGS,16275000,60,41087,8,12,1944,2018,70,2009,18.7,1945,0.42,1.7,0.51,0.72,1.1,1.2,1.5,1.8,1.9,2.3,2.8
USGS,16275000,60,41087,8,13,1944,2018,70,2009,32.6,1960,0.42,1.9,0.54,0.82,1.1,1.2,1.5,1.8,1.8,2.1,2.5
USGS,16275000,60,41087,8,14,1944,2018,70,2009,4.54,1945,0.39,1.5,0.56,0.98,1.1,1.2,1.4,1.7,1.8,2.2,2.5
USGS,16275000,60,41087,8,15,1944,2018,70,1950,6.3,1945,0.39,1.5,0.56,0.84,1.1,1.1,1.4,1.8,1.8,2.1,3
USGS,16275000,60,41087,8,16,1944,2018,70,1951,9.4,1945,0.39,1.6,0.54,0.83,1.1,1.1,1.4,1.8,1.9,2.3,2.7
USGS,16275000,60,41087,8,17,1944,2018,70,1967,10,1945,0.43,1.8,0.51,0.82,1.1,1.1,1.5,1.8,2,2.7,3.3
USGS,16275000,60,41087,8,18,1944,2018,70,1987,10,1945,0.43,1.7,0.57,0.84,1.1,1.2,1.5,1.8,2,2.5,3.3
USGS,16275000,60,41087,8,19,1944,2018,70,2018,10.8,1945,0.43,1.8,0.56,0.98,1.1,1.2,1.4,1.8,1.9,2.6,3.3
USGS,16275000,60,41087,8,20,1944,2018,70,1955,11,1945,0.39,1.8,0.55,0.99,1.1,1.2,1.4,1.8,1.8,2.8,4.2
USGS,16275000,60,41087,8,21,1944,2018,70,2016,10.9,1945,0.39,1.6,0.51,0.98,1.2,1.2,1.4,1.7,1.8,2.6,3
USGS,16275000,60,41087,8,22,1944,2018,70,2016,35.6,1945,0.36,2,0.49,0.94,1.1,1.2,1.4,1.7,1.7,2.1,2.7
USGS,16275000,60,41087,8,23,1944,2018,70,2016,9.47,1945,0.36,1.6,0.49,0.88,1.1,1.2,1.4,1.7,1.8,2.5,3.4
USGS,16275000,60,41087,8,24,1944,2018,70,2015,18.1,1961,0.42,1.9,0.53,0.94,1.1,1.2,1.4,1.7,1.8,2.2,3.9
USGS,16275000,60,41087,8,25,1944,2018,70,2016,5.97,1960,0.45,1.6,0.61,0.89,1.1,1.2,1.4,1.7,1.8,2,3
USGS,16275000,60,41087,8,26,1944,2018,70,2015,8.14,1960,0.42,1.6,0.6,0.72,1.1,1.2,1.4,1.7,1.7,1.9,3.6
USGS,16275000,60,41087,8,27,1944,2018,70,2016,5.99,1960,0.42,1.5,0.52,0.73,1.1,1.2,1.4,1.7,1.7,1.9,2.7
USGS,16275000,60,41087,8,28,1944,2018,70,2018,50.6,1945,0.39,2.2,0.62,0.94,1.1,1.1,1.4,1.7,1.8,1.9,3.4
USGS,16275000,60,41087,8,29,1944,2018,70,1991,24,1961,0.37,2,0.67,0.83,1.1,1.2,1.4,1.6,1.8,2,5.5
USGS,16275000,60,41087,8,30,1944,2018,70,1991,16,1945,0.39,1.8,0.64,0.93,1.1,1.2,1.4,1.7,1.9,2.2,5.1
USGS,16275000,60,41087,8,31,1944,2018,70,2016,6.38,1945,0.39,1.6,0.56,0.9,1.1,1.1,1.4,1.7,1.8,2.3,3.4
USGS,16275000,60,41087,9,1,1944,2018,70,2016,6.36,1945,0.39,1.5,0.55,0.91,1.1,1.1,1.4,1.7,1.7,2.2,2.7
USGS,16275000,60,41087,9,2,1944,2018,70,2016,6.31,1945,0.36,1.5,0.55,0.96,1.1,1.1,1.4,1.7,1.8,2.1,2.9
USGS,16275000,60,41087,9,3,1944,2018,70,1947,25,1945,0.36,2.2,0.58,0.98,1.1,1.1,1.4,1.6,1.8,2.1,5.4
USGS,16275000,60,41087,9,4,1944,2018,70,1974,9.8,1945,0.36,1.7,0.51,0.92,1.1,1.1,1.4,1.6,1.8,2.3,5.5
USGS,16275000,60,41087,9,5,1944,2018,70,2016,6.32,1945,0.36,1.6,0.51,0.83,1.1,1.1,1.4,1.7,1.8,2.4,3.9
USGS,16275000,60,41087,9,6,1944,2018,70,1947,15,1945,0.36,1.9,0.5,0.9,1.1,1.1,1.4,1.7,1.8,2.2,4.9
USGS,16275000,60,41087,9,7,1944,2018,70,2016,7,1945,0.34,1.6,0.49,0.83,1.1,1.1,1.4,1.7,1.7,2.1,3.1
USGS,16275000,60,41087,9,8,1944,2018,70,2016,7.06,1945,0.32,1.5,0.54,0.83,1.1,1.1,1.4,1.7,1.7,2.1,2.6
USGS,16275000,60,41087,9,9,1944,2018,70,2016,6.78,1945,0.32,1.5,0.54,0.9,1.1,1.1,1.4,1.6,1.7,2,2.3
USGS,16275000,60,41087,9,10,1944,2018,70,2016,6.91,1945,0.32,1.6,0.48,0.83,1.1,1.2,1.4,1.7,1.7,2,3.1
USGS,16275000,60,41087,9,11,1944,2018,70,2003,65.3,1945,0.32,2.9,0.47,0.82,1.1,1.1,1.4,1.7,1.7,2,6.4
USGS,16275000,60,41087,9,12,1944,2018,70,2015,7.55,1945,0.36,1.7,0.51,0.83,1,1.1,1.4,1.6,1.7,2.1,6.4
USGS,16275000,60,41087,9,13,1944,2018,70,2018,34.2,1945,0.32,2.1,0.49,0.83,1,1.1,1.4,1.6,1.7,2.1,3.3
USGS,16275000,60,41087,9,14,1944,2018,70,2016,10.7,1945,0.32,1.6,0.49,0.96,1.1,1.1,1.4,1.7,1.7,2.1,3.1
USGS,16275000,60,41087,9,15,1944,2018,70,2015,15.5,1945,0.36,1.7,0.49,0.96,1.1,1.2,1.3,1.7,1.8,2.3,3.3
USGS,16275000,60,41087,9,16,1944,2018,70,1992,11,1945,0.32,1.6,0.47,0.83,1,1.1,1.4,1.7,1.8,2.3,3.2
USGS,16275000,60,41087,9,17,1944,2018,70,1963,5.5,1961,0.29,1.5,0.44,0.67,1,1.2,1.4,1.7,1.7,2.5,3.1
USGS,16275000,60,41087,9,18,1944,2018,70,1994,23,1946,0.29,1.8,0.45,0.72,1,1.1,1.4,1.6,1.7,2.2,2.9
USGS,16275000,60,41087,9,19,1944,2018,70,1994,6,1946,0.29,1.4,0.43,0.67,1,1.1,1.3,1.6,1.7,2.2,2.8
USGS,16275000,60,41087,9,20,1944,2018,70,1990,29,1946,0.29,1.8,0.42,0.67,0.99,1.1,1.4,1.6,1.7,2.2,2.6
USGS,16275000,60,41087,9,21,1944,2018,70,1991,9.3,1946,0.31,1.7,0.42,0.63,0.97,1.1,1.4,1.7,1.8,2.4,4.6
USGS,16275000,60,41087,9,22,1944,2018,70,1964,3.9,1945,0.32,1.5,0.42,0.63,0.97,1.1,1.4,1.8,2.1,2.8,2.9
USGS,16275000,60,41087,9,23,1944,2018,70,2005,17.9,1945,0.32,1.7,0.42,0.82,0.99,1.1,1.4,1.9,1.9,2.5,2.9
USGS,16275000,60,41087,9,24,1944,2018,70,2005,7.33,1945,0.32,1.5,0.47,0.83,0.99,1.1,1.4,1.8,1.9,2.3,2.8
USGS,16275000,60,41087,9,25,1944,2018,70,2005,3.73,1946,0.39,1.4,0.51,0.8,1,1.1,1.4,1.7,1.8,2.1,2.4
USGS,16275000,60,41087,9,26,1944,2018,70,1985,3.8,1945,0.39,1.5,0.47,0.72,1,1.1,1.3,1.7,1.7,2.3,2.8
USGS,16275000,60,41087,9,27,1944,2018,70,1988,7.6,1945,0.32,1.6,0.51,0.78,1,1.1,1.4,1.7,1.9,2.5,2.9
USGS,16275000,60,41087,9,28,1944,2018,70,1986,23,1945,0.39,1.9,0.48,0.72,1,1.1,1.4,1.7,1.8,2.6,4.5
USGS,16275000,60,41087,9,29,1944,2018,70,1988,5.7,1945,0.39,1.6,0.47,0.72,1,1.1,1.4,1.7,2,2.6,3.9
USGS,16275000,60,41087,9,30,1944,2018,70,2005,4.59,1945,0.39,1.5,0.55,0.72,1,1.1,1.4,1.6,1.9,2.6,2.9
USGS,16275000,60,41087,10,1,1944,2019,72,2006,8.21,1946,0.36,1.6,0.48,0.72,1,1.1,1.4,1.7,2,2.3,2.9
USGS,16275000,60,41087,10,2,1944,2019,72,2006,16.2,1947,0.32,1.7,0.48,0.68,1,1.1,1.4,1.9,2,2.3,2.6
USGS,16275000,60,41087,10,3,1944,2019,72,1990,27,1947,0.32,1.9,0.48,0.68,1,1.1,1.4,1.8,1.9,2.2,4
USGS,16275000,60,41087,10,4,1944,2019,72,1964,38,1946,0.36,2.2,0.48,0.65,1,1.1,1.4,1.9,2,3.3,4.8
USGS,16275000,60,41087,10,5,1944,2019,72,2016,22,1946,0.36,1.8,0.47,0.63,1.1,1.1,1.4,1.7,1.9,2.7,3.8
USGS,16275000,60,41087,10,6,1944,2019,72,2019,7.76,1946,0.32,1.6,0.47,0.73,1.1,1.1,1.4,1.7,1.9,2.6,3.4
USGS,16275000,60,41087,10,7,1944,2019,72,1993,6.4,1946,0.32,1.6,0.52,0.75,1.1,1.2,1.4,1.8,1.9,2.8,3.4
USGS,16275000,60,41087,10,8,1944,2019,72,1978,3.9,1946,0.32,1.5,0.6,0.79,1.1,1.1,1.4,1.8,2,2.6,2.8
USGS,16275000,60,41087,10,9,1944,2019,72,1998,9.6,1946,0.32,1.6,0.49,0.76,1.1,1.1,1.4,1.8,1.9,2.5,2.8
USGS,16275000,60,41087,10,10,1944,2019,72,1967,39,1946,0.32,2.1,0.52,0.95,1.1,1.1,1.4,1.7,1.8,2.6,3.3
USGS,16275000,60,41087,10,11,1944,2019,72,1967,12,1946,0.32,1.8,0.43,0.93,1.1,1.1,1.4,1.7,1.9,2.6,3.8
USGS,16275000,60,41087,10,12,1944,2019,72,2016,7.24,1946,0.32,1.8,0.46,0.91,1.1,1.1,1.4,1.8,2.2,3.6,5.6
USGS,16275000,60,41087,10,13,1944,2019,72,1966,12,1946,0.32,1.8,0.51,0.93,1.1,1.2,1.4,1.7,2,2.7,4
USGS,16275000,60,41087,10,14,1944,2019,72,1957,14,1946,0.32,1.8,0.51,0.98,1.1,1.2,1.4,1.8,2,2.7,4.5
USGS,16275000,60,41087,10,15,1944,2019,72,2016,12.4,1946,0.32,1.9,0.55,0.93,1.1,1.2,1.5,2,2.4,3.2,5.1
USGS,16275000,60,41087,10,16,1944,2019,72,1992,72,1946,0.32,2.8,0.46,0.93,1.1,1.2,1.5,2,2.2,3.8,4.6
USGS,16275000,60,41087,10,17,1944,2019,72,1992,18,1946,0.29,1.8,0.44,0.85,1.1,1.2,1.5,1.9,2,2.5,4.1
USGS,16275000,60,41087,10,18,1944,2019,72,1965,32,1946,0.31,2.2,0.47,0.78,1.1,1.2,1.4,2,2.1,3.9,6
USGS,16275000,60,41087,10,19,1944,2019,72,2015,15.8,1946,0.29,2,0.61,0.78,1.1,1.2,1.4,2.1,2.3,3.8,6.2
USGS,16275000,60,41087,10,20,1944,2019,72,1986,16,1946,0.29,1.9,0.65,0.99,1.1,1.2,1.4,2,2.3,2.8,4.1
USGS,16275000,60,41087,10,21,1944,2019,72,1989,6.83,1946,0.29,1.8,0.56,0.91,1.1,1.2,1.4,2.1,2.2,3,3.5
USGS,16275000,60,41087,10,22,1944,2019,72,1989,6.33,1946,0.32,1.6,0.46,0.87,1.1,1.2,1.4,1.8,1.9,2.3,3.5
USGS,16275000,60,41087,10,23,1944,2019,72,1959,263,1946,0.29,5.3,0.5,0.84,1.1,1.2,1.4,1.9,2.2,2.7,4.1
USGS,16275000,60,41087,10,24,1944,2019,72,1959,37,1946,0.29,2.2,0.44,0.81,1.1,1.2,1.4,2,2.2,2.8,3.9
USGS,16275000,60,41087,10,25,1944,2019,72,2006,24.1,1946,0.29,2.3,0.4,0.76,1.1,1.2,1.5,2.2,2.3,3.2,5.8
USGS,16275000,60,41087,10,26,1944,2019,72,2019,9.44,1946,0.29,1.7,0.47,0.78,1.1,1.2,1.4,2,2.2,2.8,3.6
USGS,16275000,60,41087,10,27,1944,2019,72,1952,19,1946,0.31,1.9,0.46,0.93,1.1,1.2,1.4,2,2.2,2.6,3.7
USGS,16275000,60,41087,10,28,1944,2019,72,1983,14,1946,0.32,1.9,0.47,0.95,1.1,1.2,1.5,2,2.2,3.1,5.8
USGS,16275000,60,41087,10,29,1944,2019,72,1983,11,1946,0.31,1.9,0.47,0.89,1.1,1.2,1.5,2.1,2.2,3.5,4.6
USGS,16275000,60,41087,10,30,1944,2019,72,2019,33,1946,0.32,2.5,0.48,0.84,1.1,1.2,1.5,2,2.2,3.2,8.3
USGS,16275000,60,41087,10,31,1944,2019,72,2007,21.8,1946,0.32,2,0.52,0.8,1.1,1.2,1.5,2,2.1,3,4.2
USGS,16275000,60,41087,11,1,1944,2019,71,2007,49.6,1946,0.32,2.9,0.53,0.79,1.1,1.1,1.5,2.3,2.6,4.1,10
USGS,16275000,60,41087,11,2,1944,2019,71,2007,32.1,1946,0.32,2.4,0.43,0.9,1.1,1.2,1.6,2.3,2.5,3.3,7.6
USGS,16275000,60,41087,11,3,1944,2019,71,1966,29,1946,0.32,2.3,0.45,0.9,1.1,1.1,1.5,2.3,2.5,3.2,5.5
USGS,16275000,60,41087,11,4,1944,2019,71,2008,25.6,1946,0.32,2.6,0.47,0.83,1.1,1.1,1.6,2.3,2.7,4.9,6.7
USGS,16275000,60,41087,11,5,1944,2019,71,1967,28,1946,0.32,2.3,0.55,0.78,1.1,1.2,1.5,2.2,2.5,3.7,5.3
USGS,16275000,60,41087,11,6,1944,2019,71,2005,8.42,1946,0.32,1.9,0.47,0.76,1.1,1.2,1.6,2.2,2.6,3,5.1
USGS,16275000,60,41087,11,7,1944,2019,71,2005,14.5,1946,0.32,2.1,0.53,0.98,1.1,1.2,1.6,2.3,2.5,3.2,4.6
USGS,16275000,60,41087,11,8,1944,2019,71,1997,8.4,1946,0.32,2,0.53,1,1.1,1.3,1.6,2.2,2.3,3.1,5
USGS,16275000,60,41087,11,9,1944,2019,71,2014,24.9,1946,0.32,2.5,0.53,1,1.1,1.3,1.6,2.2,2.4,3.1,6.6
USGS,16275000,60,41087,11,10,1944,2019,71,2019,41.7,1946,0.39,3.9,0.67,0.96,1.1,1.2,1.6,2.2,2.5,3.3,29
USGS,16275000,60,41087,11,11,1944,2019,71,1987,17,1946,0.36,2.4,0.76,1,1.1,1.3,1.6,2.3,2.5,4.2,9.4
USGS,16275000,60,41087,11,12,1944,2019,71,1966,116,1946,0.36,4.1,0.72,0.97,1.1,1.3,1.6,2.4,2.5,3.9,14
USGS,16275000,60,41087,11,13,1944,2019,71,1991,51,1946,0.32,3.2,0.67,0.94,1.1,1.3,1.6,2.4,2.5,6.2,14
USGS,16275000,60,41087,11,14,1944,2019,71,1966,164,1946,0.32,5.3,0.67,0.95,1.1,1.3,1.6,2.3,2.5,7.5,18
USGS,16275000,60,41087,11,15,1944,2019,71,1966,17,1946,0.32,2.4,0.65,0.98,1.1,1.3,1.7,2.4,2.6,3.2,9.2
USGS,16275000,60,41087,11,16,1944,2019,71,1967,16,1946,0.31,2.4,0.62,0.98,1.2,1.3,1.6,2.3,2.4,3.9,11
USGS,16275000,60,41087,11,17,1944,2019,71,1991,29,1946,0.31,2.7,0.6,0.98,1.3,1.4,1.6,2.4,2.6,6,8.8
USGS,16275000,60,41087,11,18,1944,2019,71,1991,17,1946,0.31,2.2,0.57,0.96,1.2,1.3,1.6,2.2,2.5,3.5,6.6
USGS,16275000,60,41087,11,19,1944,2019,71,1953,7,1946,0.36,1.9,0.59,0.93,1.2,1.3,1.6,2.3,2.3,3.3,5.1
USGS,16275000,60,41087,11,20,1944,2019,71,1991,14,1946,0.32,2.3,0.61,0.94,1.2,1.3,1.6,2.3,2.5,3.9,6.4
USGS,16275000,60,41087,11,21,1944,2019,71,1975,56,1946,0.32,3,0.61,1,1.2,1.3,1.6,2.2,2.5,4.1,7.4
USGS,16275000,60,41087,11,22,1944,2019,71,1958,28,1946,0.32,2.6,0.59,1,1.2,1.3,1.6,2.2,2.4,3.7,11
USGS,16275000,60,41087,11,23,1944,2019,71,1958,17,1963,0.34,2.2,0.65,1,1.2,1.3,1.6,2.3,2.4,3.5,5.3
USGS,16275000,60,41087,11,24,1944,2019,71,1958,22,1963,0.34,2.2,0.59,1,1.2,1.3,1.5,2.2,2.4,3.4,5.7
USGS,16275000,60,41087,11,25,1944,2019,71,1971,114,1946,0.32,4.2,0.56,1,1.2,1.3,1.6,2.3,2.7,4.8,12
USGS,16275000,60,41087,11,26,1944,2019,71,1971,71,1946,0.32,3.4,0.61,1,1.3,1.3,1.6,2.4,2.7,4.6,12
USGS,16275000,60,41087,11,27,1944,2019,71,1976,15,1946,0.32,2.6,0.59,1,1.3,1.4,1.6,2.3,2.7,5.5,11
USGS,16275000,60,41087,11,28,1944,2019,71,1955,67,1946,0.31,2.9,0.63,1,1.3,1.3,1.6,2.3,2.4,3.2,3.7
USGS,16275000,60,41087,11,29,1944,2019,71,1969,70,1963,0.29,4.4,0.63,1,1.3,1.4,1.7,2.4,2.5,3.7,30
USGS,16275000,60,41087,11,30,1944,2019,71,2004,31.5,1946,0.31,2.6,0.61,0.95,1.3,1.4,1.7,2.2,2.4,3.9,8.7
USGS,16275000,60,41087,12,1,1944,2019,71,1958,42,1963,0.29,2.9,0.58,0.95,1.4,1.4,1.7,2.3,2.6,4,7.6
USGS,16275000,60,41087,12,2,1944,2019,71,1958,11,1963,0.29,2.3,0.67,1,1.4,1.4,1.7,2.3,2.5,3.5,7.3
USGS,16275000,60,41087,12,3,1944,2019,71,1951,31,1963,0.32,2.3,0.67,0.98,1.4,1.4,1.7,2.2,2.5,3.3,4.5
USGS,16275000,60,41087,12,4,1944,2019,71,2004,9.56,1963,0.29,2,0.69,1,1.4,1.4,1.6,2.2,2.3,3.4,4.5
USGS,16275000,60,41087,12,5,1944,2019,71,1944,12,1963,0.29,2.1,0.69,1.1,1.3,1.4,1.7,2.2,2.3,3,6.7
USGS,16275000,60,41087,12,6,1944,2019,71,1989,36.4,1963,0.29,3,0.85,1,1.3,1.4,1.7,2.1,2.2,4.9,10
USGS,16275000,60,41087,12,7,1944,2019,71,2004,37.8,1963,0.29,2.7,0.86,1,1.4,1.4,1.7,2.1,2.2,4.4,5.7
USGS,16275000,60,41087,12,8,1944,2019,71,1968,17,1963,0.29,2.2,0.81,1,1.4,1.4,1.7,2,2.3,3.1,6.7
USGS,16275000,60,41087,12,9,1944,2019,71,1968,51,1963,0.29,2.9,0.85,1.1,1.4,1.4,1.6,2.1,2.2,3,4.6
USGS,16275000,60,41087,12,10,1944,2019,71,1965,28,1963,0.45,2.7,0.85,1.1,1.4,1.4,1.7,2,2.4,3.3,12
USGS,16275000,60,41087,12,11,1944,2019,71,2009,26,1963,0.34,2.4,0.83,1,1.3,1.4,1.7,2,2.5,3.4,7.8
USGS,16275000,60,41087,12,12,1944,2019,71,1988,50,1963,0.34,3.6,0.71,1,1.3,1.4,1.7,2.3,2.8,6.7,20
USGS,16275000,60,41087,12,13,1944,2019,71,2012,12.5,1963,0.45,2.3,0.84,1.1,1.4,1.4,1.6,2.3,2.8,3.5,8.4
USGS,16275000,60,41087,12,14,1944,2019,71,1966,93,1960,0.62,3.4,0.95,1.1,1.4,1.4,1.8,2.2,2.6,3.9,6.2
USGS,16275000,60,41087,12,15,1944,2019,71,1966,31,1960,0.57,2.3,0.95,1.1,1.3,1.4,1.7,2.1,2.4,3.1,4.4
USGS,16275000,60,41087,12,16,1944,2019,71,1955,15,1960,0.57,2.3,0.98,1.1,1.3,1.4,1.8,2,2.1,3.3,7.5
USGS,16275000,60,41087,12,17,1944,2019,71,1966,7.7,1962,0.62,2,0.98,1.1,1.4,1.4,1.8,2.2,2.4,3.4,4.8
USGS,16275000,60,41087,12,18,1944,2019,71,1968,47,1946,0.48,3,0.83,1.1,1.4,1.4,1.8,2.6,2.8,3.6,5.9
USGS,16275000,60,41087,12,19,1944,2019,71,2011,66.7,1946,0.48,4,0.83,1.1,1.4,1.4,1.8,2.7,2.9,4.5,21
USGS,16275000,60,41087,12,20,1944,2019,71,1956,80,1960,0.53,3.1,0.72,1.1,1.4,1.4,1.8,2.1,2.5,3.4,6.3
USGS,16275000,60,41087,12,21,1944,2019,71,1956,53,1946,0.54,2.7,0.67,1.1,1.3,1.4,1.7,2.1,2.5,3.8,4.7
USGS,16275000,60,41087,12,22,1944,2019,71,1991,10,1946,0.54,2.1,0.67,1.1,1.3,1.4,1.8,2.3,2.5,3.4,5.8
USGS,16275000,60,41087,12,23,1944,2019,71,1983,9,1960,0.53,2.1,0.61,1.1,1.3,1.4,1.7,2.4,2.6,3.2,5.5
USGS,16275000,60,41087,12,24,1944,2019,71,2011,27,1963,0.53,2.5,0.68,1.1,1.3,1.4,1.8,2.3,2.6,3.6,6.6
USGS,16275000,60,41087,12,25,1944,2019,71,1969,43,1946,0.54,2.7,0.83,1.1,1.3,1.4,1.8,2.5,2.6,3.5,5.6
USGS,16275000,60,41087,12,26,1944,2019,71,1993,25,1946,0.48,2.8,0.76,1.1,1.3,1.4,1.8,2.2,2.6,4.2,12
USGS,16275000,60,41087,12,27,1944,2019,71,1970,13,1946,0.48,2.2,0.69,1.1,1.3,1.4,1.8,2.2,2.6,3.7,4.5
USGS,16275000,60,41087,12,28,1944,2019,71,2019,48.1,1946,0.43,2.8,0.65,1.1,1.3,1.4,1.7,2.5,2.8,4,5.6
USGS,16275000,60,41087,12,29,1944,2019,71,1983,18,1946,0.43,2.2,0.62,1.1,1.3,1.4,1.8,2.5,2.6,3.4,4.2
USGS,16275000,60,41087,12,30,1944,2019,71,1993,27,1946,0.43,2.8,0.75,1.1,1.3,1.4,1.8,2.4,2.6,4.5,7.5
USGS,16275000,60,41087,12,31,1944,2019,71,1988,127,1946,0.43,4.7,0.89,1.1,1.2,1.4,1.7,2.5,2.8,5.3,12